title,price,seller_name
New listing 1997 KAWASAKI ZX 600-F3 SILVER,1250.0,katiebarnes85
New listing suzuki gsf 600 bandit,800.0,zarelek
New listing honda cbr 900 fireblade,2200.0,rpmpro-2009
New listing yamaha fz1 n,3995.0,roscohallamio
New listing 1996 KAWASAKI GPX 250 EX250 BLACK RARE AKA BABY NINJA,795.0,stewiemac1977
New listing Harley Davidson Road King 2003 100th Anniversary,8999.0,bluestarsmotors14
New listing yamaha virago 750,2300.0,spence0357
New listing Suzuki Bandit 650,2800.0,jascolem
New listing 2004 HARLEY-DAVIDSON FXSTBI NIGHT TRAIN BLUE,10000.0,liaan170
"New listing Suzuki GN125 2005, Red, New MOT, Top Box, Only 6500 miles, 60 MPH Great Commuter",975.0,swiftest-motor-services
New listing YAMAHA YZ400 YZ250 1979 F PETROL TANK & MONO SHOCK TWINSHOCK PARTS SPARES OR REP,40.0,mokthemok
New listing 2008 KAWASAKI ER 650 A8F BLACK ER6n 650cc,2800.0,greengardenlandscaping
New listing 2001 suzuki gsxr 600,2000.0,amsandra
New listing yamaha 350 four wheel drive quad bike mint,1695.0,juelee13
New listing ktm exc 300,3850.0,gregmills2311
New listing Honda trx 420 green quad plus vat,3500.0,maimoo11
New listing Honda TRX 350D,1200.0,jimjohn123
New listing Yamaha xj600 diversion,700.0,akislaw
New listing Pit bike 140cc,275.0,arronl94
New listing 250 cc quad,1250.0,sppropertyservices
New listing Suzuki DRZ 400e,3200.0,jennyleegixer2011
New listing Honda City Express SH50 Low mileage 8 months MOT,550.0,vilka9781
New listing yamaha wr 125 r,1800.0,joecrossley2010
New listing yamaha vmax black max edition,7000.0,budthebluebird
New listing YAMAHA XT600 PARTS SPARES OR REPAIR TT600 PROJECTS NONE RUNNER JOBLOT TRAIL BIKE,50.0,mokthemok
New listing 2007 SUZUKI GSXR 750 K6 BLUE/WHITE,4500.0,rya123anne
New listing Triumph 900 Cafe racer Custom frame Streetfighter bobber custom Speed Tripple RR,2950.0,juliesbitsnbobs
New listing 2014 Ktm 150 sx,4095.0,1curves2
New listing Honda CG125 Brazil,450.0,jamier753
New listing DERBI 125 MULHACEN,1099.0,jpdw391
"New listing Yamaha xs650 caferacer, Bratcafe, stunning!!",5000.0,becsopeco
New listing honda crf 150 big wheel,3000.0,rickymarcus310173
New listing Honda CBR125 RB-W 2012 learner legal,1695.0,dug5026
New listing 2009 GENERIC TRIGGER X 50CC BLUE/BLACK - DE-RESTRICTED WITH 70 KIT,750.0,nursedeb0
New listing 1999 HONDA CB600 HORNET YELLOW,1350.0,sales70_0
New listing YAMAHA XS 1100 TRIKE,3000.0,janice1461
New listing HONDA CBR 125 R4,1200.0,becrebestep
New listing YAMAHA SCOOTER 50cc 2014. Economic Electric Tax Free Automatic. Bargain.,850.0,topcatfq
New listing Trials bike,800.0,nellyhat
New listing 2010 Suzuki Hayabusa gsxr 1300 K9 excellent condition,6000.0,dlhornby2005
New listing KTM SXF 350 2013 Motocross Off Road Bike For Sale SX-F 350- SX/F 350 Four Stroke,4000.0,agracingltd
New listing 2013 KTM 250 SX MX OFFROAD,3000.0,kjs6
New listing Proshark RMX 100cc Quad,1400.0,w10ody
New listing triumph trident 900,900.0,madrsvandy
New listing Honda NC700 LOTS OF EXTRAS,4250.0,monkeymade4it
New listing Vintage Harley Davidson Police Special fantastic opportunity,9500.0,rhs900
New listing Kawasaki ZX6r A1P 2003,2500.0,mattygg
New listing Harley Davidson Sportster 1200 Forty Eight,7000.0,gar_mulle
New listing SUZUKI GZ125 hs,1450.0,j2-0
New listing suzuki rmz 250 2010 efi not crf yzf kxf drz ktm 450 125,2100.0,steviejonesuk
New listing Suzuki gsxr 1000 k7 not r1 zx10 750 600,5250.0,0142linda1010
New listing Kawasaki ER650 f **Low Milage**,3000.0,rruk10
New listing kxf 250 2013 MINT!,4000.0,2011coully333
New listing TRIUMPH DAYTONA 955i,1900.0,greg-5987
New listing KAWASAKI ZRX1200R LAWSON,3500.0,andrewmrmojo
New listing 2004 SUZUKI GSX 1300 R K4 BLUE only 20500 miles,3350.0,carb72
New listing 2014 Beta Evo 300,3600.0,cduke86
New listing KAWASAKI ER6n 650. 2011,3300.0,cj33loveit
New listing Honda cx500 custom trike 1979 model,2750.0,suzybandit1
"New listing Yamaha XJ6 naked, extra stuff, low mileage, street fighter",3600.0,martin.peter.jiji
New listing KAWASAKI Z650,1200.0,filensio
New listing yamaha yz 125,1000.0,sharpinktattoos2012
New listing TRIUMPH BONNEVILLE THRUXTON 900 LE MANS GREEN PEARL WITH EXTRAS,6900.0,fast4wardbikes
New listing yamaha r6,1600.0,mia261009
"New listing YAMAHA XTZ750 SUPER TENERE 97 P 11,869 MILES",2995.0,garypreza
New listing 2001 KAWASAKI ZX900-E1 RED/BLACK NINJA ZX-9R,2500.0,glw7850
New listing Aprilia SX50,1500.0,998kev
New listing suzuki gsxr 1000 k7 k8 2008,4250.0,motoday23
"New listing 63 plate 50cc daelim sfive 50, bought new for son but he doesn't use it.",650.0,joanne100570
New listing 2014 KAWASAKI KX 85 SMALL WHEEL - MX MOTOCROSS BIKE,2499.0,frasersmotorcycles1971
